time,latitude,longitude,depth,mag,magType,nst,gap,dmin,rms,net,id,updated,place,type,horizontalError,depthError,magError,magNst,status,locationSource,magSource
2018-09-12T06:09:25.602Z,62.7493,-149.0605,47.2,2.4,ml,,,,0.84,ak,ak20251933,2018-09-12T06:20:27.385Z,"71km NE of Talkeetna, Alaska",earthquake,,0.9,,,automatic,ak,ak
2018-09-12T06:09:22.617Z,62.918,-150.1655,100.2,2.9,ml,,,,0.92,ak,ak20251940,2018-09-12T06:18:46.624Z,"66km N of Talkeetna, Alaska",earthquake,,4.3,,,automatic,ak,ak
2018-09-12T06:08:52.200Z,63.8878,-148.8181,5.3,1.6,ml,,,,0.52,ak,ak20251931,2018-09-12T06:20:27.683Z,"8km ENE of Healy, Alaska",earthquake,,0.5,,,automatic,ak,ak
2018-09-12T06:03:26.240Z,37.4728,-114.8665,15.8,1.4,ml,9,329.77,1.004,0.31,nn,nn00656249,2018-09-12T06:04:55.820Z,"28km ENE of Alamo, Nevada",earthquake,,11.3,,,automatic,nn,nn
2018-09-12T05:51:10.584Z,63.1763,-151.3522,0,1.5,ml,,,,0.61,ak,ak20251928,2018-09-12T05:54:20.004Z,"114km NNW of Talkeetna, Alaska",earthquake,,0.4,,,automatic,ak,ak
2018-09-12T05:50:00.340Z,54.7278,142.8794,10,4.7,mb,,146,6.481,0.87,us,us2000hda3,2018-09-12T06:09:05.040Z,"128km N of Okha, Russia",earthquake,12.5,1.9,0.068,66,reviewed,us,us
2018-09-12T05:34:26.780Z,38.7685,-112.7526667,1.01,3.82,ml,66,47,0.2629,0.46,uu,uu60296322,2018-09-12T06:18:15.450Z,"43km WSW of Fillmore, Utah",earthquake,0.51,1.01,0.182,29,reviewed,uu,uu
2018-09-12T05:32:59.588Z,57.0446,-132.491,0,1.7,ml,,,,0.58,ak,ak20251926,2018-09-12T05:42:38.188Z,"38km NE of Petersburg, Alaska",earthquake,,0.6,,,automatic,ak,ak
2018-09-12T05:31:12.620Z,33.4913333,-116.7795,10.3,0.65,ml,21,71,0.02727,0.25,ci,ci38057351,2018-09-12T05:34:55.270Z,"10km NE of Aguanga, CA",earthquake,0.36,1.05,0.131,11,automatic,ci,ci
2018-09-12T05:13:43.977Z,61.7487,-150.9364,57.9,1.4,ml,,,,0.63,ak,ak20251920,2018-09-12T05:38:56.963Z,"47km W of Willow, Alaska",earthquake,,0.8,,,automatic,ak,ak
2018-09-12T05:08:02.132Z,69.1821,-146.5286,0,2.3,ml,,,,0.65,ak,ak20251906,2018-09-12T05:38:57.280Z,"124km NNW of Arctic Village, Alaska",earthquake,,0.4,,,automatic,ak,ak
2018-09-12T05:02:44.525Z,62.2088,-151.1201,64.3,2.8,ml,,,,0.37,ak,ak20251881,2018-09-12T05:31:04.369Z,"54km WSW of Talkeetna, Alaska",earthquake,,1.1,,,automatic,ak,ak
2018-09-12T04:50:46.670Z,26.374,90.1647,10,5.3,mww,,22,1.721,0.84,us,us2000hd8v,2018-09-12T06:24:12.032Z,"7km NE of Sapatgram, India",earthquake,5.9,1.7,0.078,16,reviewed,us,us
2018-09-12T04:45:00.960Z,37.4667,-116.5685,0,0.1,ml,10,232.18,0.331,0.89,nn,nn00656218,2018-09-12T05:35:56.175Z,"64km NNE of Beatty, Nevada",earthquake,,43.2,,,automatic,nn,nn
2018-09-12T04:39:58.530Z,37.4255,-117.0863,5.6,1.3,ml,31,99.29,0.189,0.24,nn,nn00656209,2018-09-12T04:41:37.968Z,"34km SSE of Goldfield, Nevada",earthquake,,1.7,,,automatic,nn,nn
2018-09-12T04:35:06.430Z,31.898,-94.4086,5,2.5,ml,,106,0.255,0.57,us,us2000hd8u,2018-09-12T05:34:16.669Z,"1km WSW of Timpson, Texas",earthquake,2.7,2,0.181,4,reviewed,us,us
2018-09-12T04:32:11.395Z,62.9131,-151.5573,0,1.5,ml,,,,0.61,ak,ak20251864,2018-09-12T04:36:51.965Z,"99km NW of Talkeetna, Alaska",earthquake,,0.4,,,automatic,ak,ak
2018-09-12T04:18:03.560Z,18.8375,-64.8495,19,3.78,md,26,201,1.2175,0.38,pr,pr2018255001,2018-09-12T05:18:10.989Z,"48km N of Charlotte Amalie, U.S. Virgin Islands",earthquake,2.11,3.4,0.36,25,reviewed,pr,pr
2018-09-12T04:09:50.490Z,19.3271675,-155.1918335,2.13,2.47,ml,51,91,0.05147,0.22,hv,hv70589362,2018-09-12T04:15:39.610Z,"12km SSE of Volcano, Hawaii",earthquake,0.35,0.64,2.37,29,automatic,hv,hv
2018-09-12T03:59:25.020Z,36.008,-118.3966667,5.59,1.57,ml,17,87,0.2997,0.21,ci,ci38057343,2018-09-12T04:10:26.060Z,"28km N of Kernville, CA",earthquake,0.47,3.56,0.236,21,automatic,ci,ci
2018-09-12T03:17:13.016Z,60.0112,-152.0896,70.8,1,ml,,,,0.35,ak,ak20251852,2018-09-12T03:19:51.479Z,"29km NNW of Anchor Point, Alaska",earthquake,,1.1,,,automatic,ak,ak
2018-09-12T02:35:28.850Z,14.9348,-93.9511,35,4.8,mb,,170,2.202,1.04,us,us2000hd7p,2018-09-12T04:19:02.649Z,"112km SSW of Tres Picos, Mexico",earthquake,8.6,2,0.029,360,reviewed,us,us
2018-09-12T02:23:30.522Z,68.7082,-148.6714,0.1,2.2,ml,,,,1.05,ak,ak20251836,2018-09-12T02:30:04.840Z,"140km ENE of Anaktuvuk Pass, Alaska",earthquake,,0.6,,,automatic,ak,ak
2018-09-12T02:14:27.800Z,19.3948326,-155.281662,-0.05,2.23,ml,20,41,0.007588,0.18,hv,hv70589187,2018-09-12T02:20:20.350Z,"6km SW of Volcano, Hawaii",earthquake,0.19,0.28,0.25,13,automatic,hv,hv
2018-09-12T02:10:56.130Z,18.1516,-67.2391,18,2.66,md,19,177,0.1148,0.22,pr,pr2018255000,2018-09-12T04:34:29.510Z,"10km NNW of Puerto Real, Puerto Rico",earthquake,0.67,0.48,0.38,18,reviewed,pr,pr
2018-09-12T02:06:13.040Z,36.7753,-115.6308,5.4,0.5,ml,9,286.68,0.283,0.05,nn,nn00656196,2018-09-12T02:09:35.782Z,"70km NNE of Pahrump, Nevada",earthquake,,9.2,,,automatic,nn,nn
2018-09-12T01:58:53.598Z,68.7119,-148.6304,0,2.2,ml,,,,1,ak,ak20251832,2018-09-12T02:10:31.268Z,"142km ENE of Anaktuvuk Pass, Alaska",earthquake,,0.5,,,automatic,ak,ak
2018-09-12T01:54:28.928Z,62.5588,-151.2353,93.7,1.9,ml,,,,0.29,ak,ak20251830,2018-09-12T01:58:39.038Z,"63km WNW of Talkeetna, Alaska",earthquake,,1.3,,,automatic,ak,ak
2018-09-12T01:52:16.244Z,63.2028,-150.8457,123.9,1.6,ml,,,,0.51,ak,ak20251825,2018-09-12T01:56:58.496Z,"97km WSW of Cantwell, Alaska",earthquake,,1,,,automatic,ak,ak
2018-09-12T01:51:53.510Z,33.6068333,-116.682,2.16,1.04,ml,19,64,0.06977,0.28,ci,ci38057287,2018-09-12T01:55:52.298Z,"6km N of Anza, CA",earthquake,0.48,0.63,0.134,25,automatic,ci,ci
2018-09-12T01:51:50.960Z,33.4856667,-116.7843333,5.65,0.56,ml,28,72,0.02981,0.16,ci,ci38057279,2018-09-12T01:55:35.816Z,"9km ENE of Aguanga, CA",earthquake,0.22,0.72,0.15,8,automatic,ci,ci
2018-09-12T01:31:54.050Z,36.1025,-120.6758333,5.11,1.11,md,20,89,0.03974,0.08,nc,nc73083465,2018-09-12T02:04:04.610Z,"22km ENE of San Ardo, CA",earthquake,0.38,0.56,0.304,12,reviewed,nc,nc
2018-09-12T01:29:54.925Z,59.6237,-152.4816,74.7,1.1,ml,,,,0.37,ak,ak20251821,2018-09-12T01:32:04.490Z,"40km WSW of Anchor Point, Alaska",earthquake,,1.8,,,automatic,ak,ak
2018-09-12T01:21:46.810Z,33.4908333,-116.7766667,7.67,0.6,ml,13,71,0.1031,0.16,ci,ci38057255,2018-09-12T01:25:22.282Z,"10km ENE of Aguanga, CA",earthquake,0.34,1.48,0.087,11,automatic,ci,ci
2018-09-12T01:18:10.250Z,36.035,-120.609,0.95,1.12,md,25,99,0.0353,0.07,nc,nc73083460,2018-09-12T02:50:02.884Z,"22km NW of Parkfield, CA",earthquake,0.42,1.78,0.365,9,reviewed,nc,nc
2018-09-12T01:14:43.020Z,19.3956661,-155.274826,0.65,1.75,md,16,48,0.001155,0.11,hv,hv70589097,2018-09-12T01:17:50.820Z,"5km SW of Volcano, Hawaii",earthquake,0.23,0.31,0.21,12,automatic,hv,hv
2018-09-12T01:01:32.714Z,68.7334,-148.6306,0.1,2,ml,,,,1.62,ak,ak20251818,2018-09-12T01:13:51.824Z,"143km ENE of Anaktuvuk Pass, Alaska",earthquake,,0.7,,,automatic,ak,ak
2018-09-12T00:59:45.955Z,68.7483,-148.2923,0,2.1,ml,,,,0.83,ak,ak20251815,2018-09-12T01:04:29.690Z,"132km WNW of Arctic Village, Alaska",earthquake,,0.6,,,automatic,ak,ak
2018-09-12T00:54:11.834Z,68.7044,-148.3794,0,1.8,ml,,,,1.01,ak,ak20251812,2018-09-12T01:02:49.182Z,"133km WNW of Arctic Village, Alaska",earthquake,,0.4,,,automatic,ak,ak
2018-09-12T00:49:13.270Z,33.998333,-117.3043365,4.1,0.96,ml,8,119,0.1531,0.19,ci,ci38057247,2018-09-12T00:53:06.533Z,"4km SSE of Grand Terrace, CA",earthquake,2.76,13.2,0.382,10,automatic,ci,ci
2018-09-12T00:40:47.105Z,69.3214,-144.1591,3.1,2.6,ml,,,,0.69,ak,ak20251803,2018-09-12T01:01:08.590Z,"92km SSW of Kaktovik, Alaska",earthquake,,3.1,,,automatic,ak,ak
2018-09-12T00:31:55.890Z,33.5016667,-116.7976667,2.65,1.22,ml,38,44,0.01091,0.21,ci,ci38057239,2018-09-12T00:35:33.437Z,"9km NE of Aguanga, CA",earthquake,0.22,0.44,0.155,26,automatic,ci,ci
2018-09-12T00:29:40.508Z,68.953,-146.574,0,2.1,ml,,,,0.69,ak,ak20251775,2018-09-12T00:51:15.634Z,"101km NNW of Arctic Village, Alaska",earthquake,,1.2,,,automatic,ak,ak
2018-09-12T00:29:37.336Z,60.1192,-140.6627,0,1.4,ml,,,,0.73,ak,ak20251773,2018-09-12T00:33:51.261Z,"82km NW of Yakutat, Alaska",earthquake,,0.5,,,automatic,ak,ak
2018-09-12T00:28:12.420Z,45.6902,149.9444,112.42,5,mb,,133,5.135,1.06,us,us2000hd70,2018-09-12T00:46:56.040Z,"169km ENE of Kuril'sk, Russia",earthquake,9.7,7.4,0.024,574,reviewed,us,us
2018-09-12T00:26:21.196Z,39.5447,-119.1998,9.1,2.4,ml,25,107.8,0.219,0.1551,nn,nn00656184,2018-09-12T00:51:17.198Z,"8km SSE of Fernley, Nevada",earthquake,,2,0.31,12,reviewed,nn,nn
2018-09-12T00:22:35.770Z,33.4993333,-116.79,3.94,0.97,ml,24,84,0.01562,0.22,ci,ci38057231,2018-09-12T00:26:13.383Z,"9km NE of Aguanga, CA",earthquake,0.32,0.68,0.139,22,automatic,ci,ci
2018-09-12T00:20:20.750Z,33.4993333,-116.7631667,10.58,0.27,ml,16,71,0.09411,0.18,ci,ci38057223,2018-09-12T00:24:07.241Z,"10km SW of Anza, CA",earthquake,0.35,0.98,0.02,2,automatic,ci,ci
2018-09-12T00:17:46.166Z,59.8188,-152.085,30.8,1.1,ml,,,,0.98,ak,ak20251769,2018-09-12T00:20:58.573Z,"14km WNW of Anchor Point, Alaska",earthquake,,0.5,,,automatic,ak,ak
2018-09-12T00:08:33.198Z,68.917,-147.7709,1.6,2.5,ml,,,,0.66,ak,ak20251761,2018-09-12T00:16:17.362Z,"126km NW of Arctic Village, Alaska",earthquake,,0.8,,,automatic,ak,ak
2018-09-12T00:04:36.380Z,68.8709,-147.7739,0,2.1,ml,,,,0.7,ak,ak20251758,2018-09-12T00:16:17.657Z,"123km NW of Arctic Village, Alaska",earthquake,,0.3,,,automatic,ak,ak
2018-09-11T23:51:50.712Z,60.1292,-152.8226,105.8,1.3,ml,,,,0.28,ak,ak20251750,2018-09-11T23:55:01.764Z,"39km S of Redoubt Volcano, Alaska",earthquake,,0.4,,,automatic,ak,ak
2018-09-11T23:45:08.480Z,36.3441,76.3652,73.21,4.5,mb,,80,3.698,0.89,us,us2000hd6d,2018-09-12T00:08:53.040Z,"132km N of Khapalu, Pakistan",earthquake,7.4,7.4,0.072,56,reviewed,us,us
2018-09-11T23:43:39.750Z,19.348,-154.9663333,1.81,2.77,ml,43,209,0.09245,0.11,hv,hv70588987,2018-09-12T01:09:31.020Z,"14km SSW of Leilani Estates, Hawaii",earthquake,0.7,0.64,0.131,44,reviewed,hv,hv
2018-09-11T23:40:05.020Z,33.5191667,-116.664,0.08,0.9,ml,8,126,0.1175,0.32,ci,ci38057207,2018-09-11T23:43:48.354Z,"4km SSE of Anza, CA",earthquake,1.22,31.61,0.201,15,automatic,ci,ci
2018-09-11T23:32:39.910Z,38.8141667,-122.7858333,1.43,1.92,md,47,37,0.004123,0.05,nc,nc73083435,2018-09-12T03:23:15.124Z,"5km NNW of The Geysers, CA",earthquake,0.11,0.2,0.282,16,reviewed,nc,nc
2018-09-11T23:24:03.480Z,38.8125,-122.785,1.57,2,md,54,42,0.003455,0.06,nc,nc73083430,2018-09-12T01:53:03.552Z,"5km NNW of The Geysers, CA",earthquake,0.11,0.17,0.143,18,reviewed,nc,nc
2018-09-11T23:24:02.950Z,51.8956,-169.4974,26.92,2.5,ml,,304,0.903,0.56,us,us2000hd6i,2018-09-12T00:17:17.040Z,"115km SE of Yunaska Island, Alaska",earthquake,10,18.7,,,reviewed,us,ak
2018-09-11T23:18:04.669Z,64.9888,-147.3853,0,1.1,ml,,,,0.58,ak,ak20251744,2018-09-11T23:21:56.506Z,"22km NNE of Badger, Alaska",earthquake,,22.1,,,automatic,ak,ak
2018-09-11T22:52:33.059Z,68.9156,-147.4856,0.2,1.7,ml,,,,0.7,ak,ak20251731,2018-09-11T23:05:44.194Z,"118km NW of Arctic Village, Alaska",earthquake,,0.9,,,automatic,ak,ak
2018-09-11T22:50:38.308Z,68.93,-147.7434,0,1.9,ml,,,,0.73,ak,ak20251730,2018-09-11T23:04:03.662Z,"127km NW of Arctic Village, Alaska",earthquake,,0.3,,,automatic,ak,ak
2018-09-11T22:43:51.780Z,35.9998333,-120.565,3.3,0.46,md,18,86,0.02493,0.1,nc,nc73083425,2018-09-11T22:50:27.436Z,"16km NW of Parkfield, CA",earthquake,0.28,0.56,0.125,5,reviewed,nc,nc
2018-09-11T22:41:42.109Z,64.5547,-147.8362,10.9,1.6,ml,,,,0.52,ak,ak20251723,2018-09-11T22:49:50.189Z,"30km SSW of Badger, Alaska",earthquake,,0.2,,,automatic,ak,ak
2018-09-11T22:39:13.980Z,18.4105,-67.139,25,1.93,md,5,209,0.0634,0.25,pr,pr2018254012,2018-09-12T00:09:59.608Z,"2km SE of Aguadilla, Puerto Rico",earthquake,1.64,1.59,0.32,5,reviewed,pr,pr
2018-09-11T22:35:14.970Z,37.6253333,-118.9353333,5.25,0.73,md,10,119,0.02068,0.05,nc,nc73083420,2018-09-11T22:46:56.576Z,"4km ESE of Mammoth Lakes, CA",earthquake,0.54,0.54,0.128,8,reviewed,nc,nc
2018-09-11T22:35:10.847Z,36.6934,-116.2748,3.1,0.3,ml,26,84.26,0.061,0.1356,nn,nn00656173,2018-09-12T02:06:26.258Z,"49km ESE of Beatty, Nevada",earthquake,,1.6,0.32,15,reviewed,nn,nn
2018-09-11T22:35:03.630Z,36.0665,-121.0701667,7.42,0.87,md,12,127,0.07918,0.04,nc,nc73083415,2018-09-11T22:45:25.760Z,"8km SSW of San Lucas, CA",earthquake,0.75,1.2,0.197,7,reviewed,nc,nc
2018-09-11T22:31:42.030Z,37.6598333,-118.8691667,3.7,0.77,md,10,228,0.02683,0.03,nc,nc73083410,2018-09-11T23:37:03.616Z,"10km ENE of Mammoth Lakes, CA",earthquake,1.1,1.05,0.086,9,reviewed,nc,nc
2018-09-11T22:28:10.133Z,55.8697,-153.2934,10,2.8,ml,,,,0.81,ak,ak20251718,2018-09-11T22:42:48.040Z,"145km E of Chirikof Island, Alaska",earthquake,,1,,,automatic,ak,ak
2018-09-11T22:23:36.387Z,55.9518,-153.2924,13.9,3.1,ml,,,,0.72,ak,ak20251714,2018-09-11T22:37:15.040Z,"146km E of Chirikof Island, Alaska",earthquake,,0.8,,,automatic,ak,ak
2018-09-11T22:16:04.980Z,18.9,-67.6093,4,2.68,md,13,229,0.5317,0.53,pr,pr2018254013,2018-09-12T00:10:27.528Z,"70km NW of San Antonio, Puerto Rico",earthquake,1.9,1.99,0.33,9,reviewed,pr,pr
2018-09-11T22:13:06.998Z,64.0472,-148.876,0,2.3,ml,,,,0.79,ak,ak20251705,2018-09-11T22:18:43.339Z,"21km NNE of Healy, Alaska",earthquake,,0.7,,,automatic,ak,ak
2018-09-11T22:09:51.920Z,19.3973333,-155.2783333,0.38,2.16,ml,31,40,0.00484,0.1,hv,hv70588927,2018-09-11T23:00:04.970Z,"5km SW of Volcano, Hawaii",earthquake,0.12,0.13,0.141,15,reviewed,hv,hv
2018-09-11T21:53:12.983Z,60.1739,-141.0701,9.6,0.4,ml,,,,0.47,ak,ak20251700,2018-09-11T22:15:21.606Z,"76km E of Cape Yakataga, Alaska",earthquake,,0.5,,,reviewed,ak,ak
2018-09-11T21:50:36.243Z,60.0321,-141.1054,0,1.1,ml,,,,0.8,ak,ak20251697,2018-09-11T21:53:28.236Z,"73km E of Cape Yakataga, Alaska",earthquake,,0.6,,,automatic,ak,ak
2018-09-11T21:35:12.370Z,37.679,-118.8651667,3.28,0.73,md,14,192,0.03464,0.04,nc,nc73083405,2018-09-11T22:42:54.512Z,"11km ENE of Mammoth Lakes, CA",earthquake,0.93,0.65,0.112,11,reviewed,nc,nc
2018-09-11T21:15:00.700Z,35.4876667,-115.5326667,-1.24,1.88,ml,12,79,0.01708,0.19,ci,ci38057127,2018-09-11T23:39:13.122Z,"19km SW of Primm, NV",quarry blast,0.59,31.61,0.214,9,reviewed,ci,ci
2018-09-11T21:10:48.580Z,33.0723333,-114.9923333,-0.2,2.06,ml,7,200,0.1006,0.21,ci,ci38057111,2018-09-11T21:47:14.468Z,"46km NE of Holtville, CA",quarry blast,1.22,31.61,0.29,3,reviewed,ci,ci
2018-09-11T20:59:20.854Z,69.0147,-146.6011,0,2.4,ml,,,,0.73,ak,ak20251689,2018-09-11T21:04:11.706Z,"108km NNW of Arctic Village, Alaska",earthquake,,0.4,,,automatic,ak,ak
2018-09-11T20:54:37.380Z,33.4898333,-116.7858333,6.13,0.81,ml,20,61,0.02554,0.11,ci,ci38057103,2018-09-11T21:01:50.193Z,"9km NE of Aguanga, CA",earthquake,0.17,0.43,0.101,11,reviewed,ci,ci
2018-09-11T20:45:05.442Z,36.1968,-115.3506,0.4,0.8,ml,19,98.26,0.162,0.1703,nn,nn00656152,2018-09-12T02:06:23.957Z,"10km NNE of Summerlin South, Nevada",earthquake,,5.7,0.47,6,reviewed,nn,nn
2018-09-11T20:40:21.500Z,37.6208333,-119.028,5.53,0.39,md,9,91,0.009635,0.09,nc,nc73083400,2018-09-11T23:29:35.986Z,"5km WSW of Mammoth Lakes, CA",earthquake,0.99,2.06,0.464,10,reviewed,nc,nc
2018-09-11T20:39:41.990Z,60.1552,-152.7003,84.1,1.1,ml,,,,0.35,ak,ak20251685,2018-09-11T20:55:49.551Z,"36km S of Redoubt Volcano, Alaska",earthquake,,0.7,,,reviewed,ak,ak
2018-09-11T20:25:11.160Z,33.9503333,-116.6306667,14.79,0.89,ml,12,154,0.08913,0.08,ci,ci38057071,2018-09-11T20:49:52.255Z,"10km NW of Garnet, CA",earthquake,0.22,0.37,0.141,9,reviewed,ci,ci
2018-09-11T20:18:42.996Z,69.6381,-144.2238,0,2.2,ml,,,,0.85,ak,ak20251678,2018-09-11T20:24:44.217Z,"59km SSW of Kaktovik, Alaska",earthquake,,0.7,,,automatic,ak,ak
2018-09-11T20:16:20.560Z,33.867,-117.4953333,-0.56,1.34,ml,18,84,0.0648,0.22,ci,ci38057063,2018-09-11T20:38:28.006Z,"3km ESE of Home Gardens, CA",quarry blast,0.48,31.61,0.188,16,reviewed,ci,ci
2018-09-11T19:59:11.684Z,69.5765,-144.2759,0,2.9,ml,,,,0.85,ak,ak20251671,2018-09-11T20:04:10.702Z,"66km SSW of Kaktovik, Alaska",earthquake,,1,,,automatic,ak,ak
2018-09-11T19:52:03.310Z,36.7676667,-112.9185,6.12,1.39,ml,6,191,0.2602,0.07,uu,uu60296262,2018-09-11T20:59:34.290Z,"25km SSE of Colorado City, Arizona",earthquake,0.96,31.61,0.015,2,reviewed,uu,uu
2018-09-11T19:42:40.970Z,44.7871667,-111.095,9.22,0.57,md,9,131,0.01217,0.15,uu,uu60296257,2018-09-11T20:21:51.090Z,"13km N of West Yellowstone, Montana",earthquake,0.66,1,0.248,6,reviewed,uu,uu
2018-09-11T19:34:16.130Z,37.6586667,-118.8925,0.81,0.23,md,8,223,0.01119,0.03,nc,nc73083385,2018-09-11T19:49:02.918Z,"8km ENE of Mammoth Lakes, CA",earthquake,0.71,0.42,0.063,6,reviewed,nc,nc
2018-09-11T19:26:56.020Z,19.4058342,-155.2819977,0.86,1.81,md,10,70,0.01193,0.1,hv,hv70588682,2018-09-11T19:30:04.110Z,"5km WSW of Volcano, Hawaii",earthquake,0.28,0.32,0.04,8,automatic,hv,hv
2018-09-11T19:19:18.322Z,69.6433,-144.296,0.8,1.7,ml,,,,0.7,ak,ak20251664,2018-09-11T19:24:14.963Z,"60km SSW of Kaktovik, Alaska",earthquake,,0.5,,,automatic,ak,ak
2018-09-11T19:17:36.970Z,33.4935,-116.7915,4.78,0.57,ml,13,96,0.1025,0.1,ci,ci38056967,2018-09-11T19:52:51.772Z,"9km NE of Aguanga, CA",earthquake,0.2,1.99,0.065,7,reviewed,ci,ci
2018-09-11T19:16:21.320Z,33.492,-116.7915,4.65,0.79,ml,20,62,0.02162,0.1,ci,ci38056959,2018-09-11T20:26:40.385Z,"9km NE of Aguanga, CA",earthquake,0.14,0.35,0.063,5,reviewed,ci,ci
2018-09-11T19:10:25.250Z,34.9763333,-118.191,-0.8,1.75,ml,14,96,0.1021,0.32,ci,ci38056951,2018-09-11T19:43:07.732Z,"9km S of Mojave, CA",quarry blast,0.79,31.61,0.074,9,reviewed,ci,ci
2018-09-11T19:07:13.700Z,33.2088333,-116.7435,7.75,0.76,ml,23,46,0.02994,0.14,ci,ci38056935,2018-09-11T19:30:21.018Z,"4km SSE of Lake Henshaw, CA",earthquake,0.24,0.52,0.187,9,reviewed,ci,ci
2018-09-11T19:05:16.197Z,54.4188,-160.843,22.7,1.9,ml,,,,0.65,ak,ak20251662,2018-09-11T20:28:25.247Z,"92km WSW of Chernabura Island, Alaska",earthquake,,3.4,,,reviewed,ak,ak
2018-09-11T19:02:03.550Z,32.7738333,-116.8943333,-0.36,1.59,ml,28,90,0.05562,0.3,ci,ci38056911,2018-09-11T19:16:34.669Z,"5km NE of Rancho San Diego, CA",quarry blast,0.48,31.61,0.147,14,reviewed,ci,ci
2018-09-11T19:00:00.170Z,19.4008331,-155.6986694,-2.89,1.85,md,23,166,0.05696,0.3,hv,hv70588617,2018-09-11T19:03:14.750Z,"18km ESE of Honaunau-Napoopoo, Hawaii",earthquake,0.67,0.34,0.19,6,automatic,hv,hv
2018-09-11T18:44:46.894Z,61.4926,-146.5478,20,1.6,ml,,,,0.74,ak,ak20251653,2018-09-11T18:54:50.729Z,"41km NNW of Valdez, Alaska",earthquake,,0.3,,,automatic,ak,ak
2018-09-11T18:39:15.760Z,33.4915,-116.7935,3.79,0.7,ml,25,44,0.02159,0.16,ci,ci38056887,2018-09-11T19:09:31.958Z,"9km NE of Aguanga, CA",earthquake,0.2,0.35,0.102,9,reviewed,ci,ci
2018-09-11T18:25:34.610Z,19.373,-68.2803,33,3.1,md,10,297,0.865,0.25,pr,pr2018254011,2018-09-11T19:06:38.768Z,"88km N of Punta Cana, Dominican Republic",earthquake,2.69,15.81,0.35,10,reviewed,pr,pr
2018-09-11T18:24:43.220Z,33.4948333,-116.7913333,3.91,0.5,ml,24,57,0.01904,0.16,ci,ci38056871,2018-09-11T18:42:42.484Z,"9km NE of Aguanga, CA",earthquake,0.22,0.42,0.161,4,reviewed,ci,ci
2018-09-11T18:14:58.130Z,36.0575,-120.6435,-0.25,1.03,md,24,111,0.03996,0.15,nc,nc73083360,2018-09-11T22:39:54.156Z,"24km E of San Ardo, CA",earthquake,0.61,3.16,0.286,9,reviewed,nc,nc
2018-09-11T18:14:01.760Z,37.7,-118.9233333,7.01,0.12,md,10,263,0.02326,0.1,nc,nc73083355,2018-09-11T19:51:29.218Z,"9km NE of Mammoth Lakes, CA",earthquake,2.12,31.61,0.172,9,reviewed,nc,nc
2018-09-11T18:12:32.467Z,69.2019,-146.6735,0,3.3,ml,,,,1.06,ak,ak20251647,2018-09-11T18:19:14.244Z,"128km NNW of Arctic Village, Alaska",earthquake,,1.1,,,automatic,ak,ak
2018-09-11T17:55:28.939Z,36.8801,-115.9739,7.2,-0.2,ml,10,177.07,0.027,0.1108,nn,nn00656182,2018-09-12T02:06:27.785Z,"70km E of Beatty, Nevada",earthquake,,1.4,0.5,4,reviewed,nn,nn
2018-09-11T17:49:26.290Z,33.4853333,-116.7976667,4.42,1.44,ml,56,33,0.02706,0.21,ci,ci38056831,2018-09-11T18:35:50.080Z,"8km NE of Aguanga, CA",earthquake,0.16,0.35,0.12,28,reviewed,ci,ci
2018-09-11T17:48:16.939Z,59.9658,-152.8778,97.4,1.5,ml,,,,0.69,ak,ak20251643,2018-09-11T17:53:08.726Z,"58km S of Redoubt Volcano, Alaska",earthquake,,2.3,,,automatic,ak,ak
2018-09-11T17:37:30.830Z,35.9893333,-120.8866667,9.28,0.97,md,30,91,0.03552,0.06,nc,nc73083335,2018-09-11T22:37:13.920Z,"4km SSE of San Ardo, CA",earthquake,0.32,0.4,0.157,11,reviewed,nc,nc
2018-09-11T17:31:06.612Z,61.0689,-141.7885,34.6,1.2,ml,,,,1.05,ak,ak20251631,2018-09-11T17:37:11.021Z,"117km NNE of Cape Yakataga, Alaska",earthquake,,0.3,,,automatic,ak,ak
2018-09-11T17:30:14.153Z,63.0252,-150.9373,120,2.8,ml,,,,0.48,ak,ak20251622,2018-09-11T17:40:33.515Z,"88km NNW of Talkeetna, Alaska",earthquake,,0.4,,,automatic,ak,ak
2018-09-11T17:11:30.730Z,37.4856667,-121.805,5.75,1.64,md,38,63,0.03545,0.04,nc,nc73083315,2018-09-11T23:11:03.460Z,"11km NE of Milpitas, CA",earthquake,0.14,0.28,0.206,37,reviewed,nc,nc
2018-09-11T17:10:50.191Z,69.145,-144.5424,0,2.3,ml,,,,0.79,ak,ak20251619,2018-09-11T17:16:22.078Z,"115km SSW of Kaktovik, Alaska",earthquake,,0.8,,,automatic,ak,ak
2018-09-11T17:07:36.150Z,35.5258333,-118.3186667,2.48,1,ml,15,118,0.1458,0.12,ci,ci38056807,2018-09-11T17:52:09.273Z,"17km ESE of Bodfish, CA",earthquake,0.21,1.02,0.186,9,reviewed,ci,ci
2018-09-11T17:03:50.929Z,38.7147,-119.2357,9.5,1.3,ml,18,88.23,0.263,0.1129,nn,nn00656108,2018-09-12T02:06:02.777Z,"12km SE of Smith Valley, Nevada",earthquake,,1.5,0.22,9,reviewed,nn,nn
2018-09-11T16:54:39.110Z,33.7493333,-117.4993333,10.86,1.26,ml,33,82,0.02172,0.17,ci,ci38056775,2018-09-11T17:26:10.728Z,"13km NE of Trabuco Canyon, CA",earthquake,0.23,0.32,0.221,17,reviewed,ci,ci
2018-09-11T16:53:59.585Z,64.9246,-149.0146,18.7,0.5,ml,,,,0.35,ak,ak20251612,2018-09-11T18:50:59.234Z,"38km N of North Nenana, Alaska",earthquake,,0.3,,,automatic,ak,ak
2018-09-11T16:49:43.020Z,63.8779,-148.8091,106.9,2,ml,,,,0.66,ak,ak20251607,2018-09-11T17:37:11.402Z,"8km ENE of Healy, Alaska",earthquake,,0.4,,,reviewed,ak,ak
2018-09-11T16:23:23.316Z,38.4267,-118.4804,12.1,0,ml,4,164.53,0.113,0.0371,nn,nn00656151,2018-09-12T02:06:19.523Z,"16km SE of Hawthorne, Nevada",earthquake,,12.4,0,1,reviewed,nn,nn
2018-09-11T16:11:29.070Z,36.2113,-97.5769,3.79,3.3,mb_lg,,48,0.28,0.09,us,us2000hcrq,2018-09-12T04:42:30.928Z,"27km WSW of Perry, Oklahoma",earthquake,1.2,6.4,0.053,93,reviewed,us,us
2018-09-11T16:10:58.030Z,36.215,-97.5673,4.06,2.7,mb_lg,,23,0.272,0.13,us,us2000hcrm,2018-09-11T17:21:19.040Z,"26km WSW of Perry, Oklahoma",earthquake,1.2,5.2,0.069,54,reviewed,us,us
2018-09-11T15:51:57.560Z,33.4918333,-116.791,4.28,0.36,ml,17,174,0.02192,0.11,ci,ci38056743,2018-09-11T17:44:27.426Z,"9km NE of Aguanga, CA",earthquake,0.23,0.26,0.077,3,reviewed,ci,ci
2018-09-11T15:43:35.420Z,37.4081667,-118.597,10.32,1.24,md,14,113,0.06113,0.02,nc,nc73083285,2018-09-11T16:49:02.240Z,"1km S of Round Valley, CA",earthquake,0.33,1.11,0.296,14,reviewed,nc,nc
2018-09-11T15:35:16.580Z,37.4278333,-121.7671667,9.08,1.1,md,22,69,0.03469,0.04,nc,nc73083280,2018-09-11T22:45:03.823Z,"9km NE of Alum Rock, CA",earthquake,0.19,0.35,0.172,19,reviewed,nc,nc
2018-09-11T15:31:02.221Z,38.3961,-118.9034,12.9,0.8,ml,6,169.92,0.345,0.1105,nn,nn00656150,2018-09-12T02:06:18.215Z,"28km WSW of Hawthorne, Nevada",earthquake,,9.9,0.03,2,reviewed,nn,nn
2018-09-11T15:24:24.900Z,37.537,-118.8663333,4.79,0.33,md,13,209,0.06064,0.04,nc,nc73083270,2018-09-11T16:07:53.362Z,"15km SE of Mammoth Lakes, CA",earthquake,0.42,1.15,0.128,10,reviewed,nc,nc
2018-09-11T15:23:19.220Z,36.9358333,-121.641,5.1,0.68,md,10,109,0.01744,0.04,nc,nc73083265,2018-09-11T23:11:30.491Z,"5km N of Aromas, CA",earthquake,0.36,0.38,0.142,8,reviewed,nc,nc
2018-09-11T15:14:08.950Z,-54.2076,-146.7044,10,5.3,mb,,47,28.777,0.86,us,us2000hcpc,2018-09-11T16:01:57.040Z,"Pacific-Antarctic Ridge",earthquake,12.8,1.7,0.065,80,reviewed,us,us
2018-09-11T15:09:27.250Z,-54.2298,-146.6441,10,5.2,mb,,45,28.767,0.77,us,us2000hcpd,2018-09-11T15:59:09.040Z,"Pacific-Antarctic Ridge",earthquake,12.9,1.8,0.069,70,reviewed,us,us
2018-09-11T15:08:50.230Z,30.4144,130.9689,45.67,4.8,mb,,129,2.703,0.61,us,us2000hcnz,2018-09-11T15:54:40.040Z,"35km S of Nishinoomote, Japan",earthquake,8.4,8.1,0.064,74,reviewed,us,us
2018-09-11T15:05:17.030Z,48.6648333,-122.1688333,14.17,2.11,ml,17,57,0.2137,0.25,uw,uw61427511,2018-09-11T23:08:18.219Z,"14km ESE of Sudden Valley, Washington",earthquake,0.43,1.22,0.109,10,reviewed,uw,uw
2018-09-11T15:04:40.060Z,35.3585,-118.4843333,4.92,1.65,ml,31,82,0.08483,0.14,ci,ci38056695,2018-09-11T17:09:39.540Z,"25km N of Tehachapi, CA",earthquake,0.21,0.48,0.235,21,reviewed,ci,ci
2018-09-11T14:42:26.950Z,19.3983326,-155.2791595,-1.12,1.89,md,13,53,0.005984,0.26,hv,hv70588377,2018-09-11T14:45:46.010Z,"5km SW of Volcano, Hawaii",earthquake,0.19,0.35,,7,automatic,hv,hv
2018-09-11T14:28:21.650Z,36.033,-120.6096667,0.19,0.62,md,20,99,0.03736,0.08,nc,nc73083260,2018-09-11T18:24:44.831Z,"22km NW of Parkfield, CA",earthquake,0.44,1.37,0.073,4,reviewed,nc,nc
2018-09-11T14:18:32.830Z,36.0355,-120.6003333,4.54,0.54,md,17,121,0.03341,0.04,nc,nc73083255,2018-09-11T18:17:13.833Z,"22km NW of Parkfield, CA",earthquake,0.36,0.58,0.103,5,reviewed,nc,nc
2018-09-11T14:18:17.900Z,30.3939,131.0084,45.28,4.6,mb,,132,2.725,0.82,us,us2000hcmp,2018-09-11T15:12:15.040Z,"37km S of Nishinoomote, Japan",earthquake,8.3,8.4,0.103,28,reviewed,us,us
2018-09-11T13:55:44.120Z,34.0175,-117.2096667,14.37,0.85,ml,16,138,0.1072,0.12,ci,ci38056615,2018-09-11T17:31:12.807Z,"5km SSW of Redlands, CA",earthquake,0.31,0.71,0.045,8,reviewed,ci,ci
2018-09-11T13:48:49.060Z,33.4898333,-116.7806667,3.88,0.22,ml,18,70,0.02785,0.18,ci,ci38056599,2018-09-11T17:35:03.828Z,"9km NE of Aguanga, CA",earthquake,0.32,0.59,0.073,3,reviewed,ci,ci
2018-09-11T13:30:53.520Z,44.8608333,-110.4288333,10.65,2.85,ml,30,81,0.1196,0.21,uu,uu60296242,2018-09-11T14:41:06.040Z,"55km NE of Old Faithful Geyser, Wyoming",earthquake,0.47,0.65,0.411,7,reviewed,uu,uu
2018-09-11T13:25:58.220Z,41.2514,142.4074,43.99,4.9,mww,,124,0.947,0.72,us,us2000hclq,2018-09-11T14:41:08.636Z,"99km E of Mutsu, Japan",earthquake,6.4,5.4,0.073,18,reviewed,us,us
2018-09-11T13:24:37.190Z,37.7516667,-122.2806667,13.38,1.18,md,22,52,0.02624,0.1,nc,nc73083235,2018-09-12T00:28:02.910Z,"4km WSW of Alameda, CA",earthquake,0.26,0.36,0.202,16,reviewed,nc,nc
2018-09-11T13:22:45.205Z,56.9186,-149.4243,31.4,3,ml,,,,0.56,ak,ak20251573,2018-09-11T17:01:27.475Z,"204km ESE of Kodiak, Alaska",earthquake,,5.4,,,automatic,ak,ak
2018-09-11T13:20:52.460Z,39.6413,132.143,509.79,4.5,mb,,80,3.973,0.84,us,us2000hcln,2018-09-11T14:28:10.040Z,"280km ESE of Kilju, North Korea",earthquake,11,5.2,0.045,144,reviewed,us,us
2018-09-11T13:20:31.984Z,64.9239,-149.2529,20.6,0.3,ml,,,,0.66,ak,ak20251569,2018-09-11T17:01:27.210Z,"39km N of North Nenana, Alaska",earthquake,,0.5,,,automatic,ak,ak
2018-09-11T13:06:20.431Z,69.5158,-144.3452,5,2.4,ml,,,,0.8,ak,ak20251554,2018-09-11T17:55:19.400Z,"74km SSW of Kaktovik, Alaska",earthquake,,0,,,reviewed,ak,ak
2018-09-11T13:02:16.953Z,69.4693,-144.1762,0,2.7,ml,,,,0.78,ak,ak20251549,2018-09-11T17:01:26.935Z,"76km SSW of Kaktovik, Alaska",earthquake,,1.1,,,automatic,ak,ak
2018-09-11T12:53:03.835Z,64.7261,-149.0833,19.1,1,ml,,,,0.65,ak,ak20251539,2018-09-11T17:01:26.674Z,"16km N of North Nenana, Alaska",earthquake,,0.1,,,automatic,ak,ak
2018-09-11T12:52:08.540Z,19.336834,-155.1568298,0.36,2.04,ml,38,91,0.04399,0.17,hv,hv70588277,2018-09-11T12:57:54.840Z,"13km SE of Volcano, Hawaii",earthquake,0.33,0.23,0.12,3,automatic,hv,hv
2018-09-11T12:48:12.940Z,37.6511667,-118.8678333,1.24,-0.01,md,9,138,0.02399,0.02,nc,nc73083210,2018-09-11T15:50:49.741Z,"10km E of Mammoth Lakes, CA",earthquake,0.4,0.76,0.224,8,reviewed,nc,nc
2018-09-11T12:44:35.070Z,69.5152,-143.8032,0.4,2.2,ml,,,,0.75,ak,ak20251523,2018-09-11T17:01:26.417Z,"69km S of Kaktovik, Alaska",earthquake,,0.8,,,automatic,ak,ak
2018-09-11T12:38:06.815Z,69.7086,-145.0185,3.5,2.8,ml,,,,1.06,ak,ak20251513,2018-09-11T17:01:26.162Z,"71km SW of Kaktovik, Alaska",earthquake,,1,,,automatic,ak,ak
2018-09-11T12:28:01.500Z,33.4861667,-116.4801667,13.28,0.63,ml,24,99,0.05874,0.14,ci,ci38056543,2018-09-11T13:28:39.518Z,"20km ESE of Anza, CA",earthquake,0.25,0.55,0.115,19,reviewed,ci,ci
2018-09-11T12:21:36.725Z,60.2748,-137.0334,0,1.5,ml,,,,0.85,ak,ak20251496,2018-09-11T17:01:25.899Z,"59km SSE of Haines Junction, Canada",earthquake,,0.4,,,automatic,ak,ak
2018-09-11T12:17:56.503Z,68.8158,-148.0686,0,1.7,ml,,,,0.78,ak,ak20251492,2018-09-11T17:01:25.639Z,"129km NW of Arctic Village, Alaska",earthquake,,0.3,,,automatic,ak,ak
2018-09-11T12:15:28.873Z,68.7458,-147.5409,0,1.4,ml,,,,0.96,ak,ak20251489,2018-09-11T15:39:34.083Z,"107km NW of Arctic Village, Alaska",earthquake,,0.3,,,automatic,ak,ak
2018-09-11T12:14:26.100Z,60.0971,-147.8336,8.8,1.8,ml,,,,1,ak,ak20251488,2018-09-11T17:01:25.370Z,"87km E of Bear Creek, Alaska",earthquake,,0.7,,,automatic,ak,ak
2018-09-11T12:12:04.170Z,33.5091667,-116.7951667,3.78,0.59,ml,24,37,0.005382,0.12,ci,ci38056527,2018-09-11T13:29:27.070Z,"10km NE of Aguanga, CA",earthquake,0.16,0.39,0.144,19,reviewed,ci,ci
2018-09-11T12:08:43.300Z,33.5025,-116.5083333,13.72,0.19,ml,16,104,0.05803,0.12,ci,ci38056511,2018-09-11T17:28:09.274Z,"16km ESE of Anza, CA",earthquake,0.3,0.48,0.078,9,reviewed,ci,ci
2018-09-11T12:07:28.694Z,62.0669,-145.4471,219.3,2.3,ml,,,,0.92,ak,ak20251483,2018-09-11T17:01:25.110Z,"7km SE of Glennallen, Alaska",earthquake,,1,,,automatic,ak,ak
2018-09-11T11:49:13.120Z,33.5085,-116.7901667,3.75,0.36,ml,28,38,0.009343,0.17,ci,ci38056495,2018-09-11T17:24:24.718Z,"10km NE of Aguanga, CA",earthquake,0.18,0.5,0.095,9,reviewed,ci,ci
2018-09-11T11:38:37.090Z,32.8933333,-116.2648333,8.13,0.88,ml,22,90,0.1325,0.18,ci,ci38056487,2018-09-11T15:44:23.107Z,"26km ENE of Pine Valley, CA",earthquake,0.27,1.03,0.152,11,reviewed,ci,ci
2018-09-11T11:37:26.070Z,33.4966667,-116.7873333,3.88,0.62,ml,27,35,0.01907,0.21,ci,ci38056479,2018-09-11T13:30:31.290Z,"9km NE of Aguanga, CA",earthquake,0.25,0.56,0.092,18,reviewed,ci,ci
2018-09-11T11:36:30.280Z,18.1288,-67.2521,30,2.38,md,6,250,0.1728,0.1,pr,pr2018254010,2018-09-11T15:13:03.800Z,"9km NW of Puerto Real, Puerto Rico",earthquake,0.83,0.92,0.31,5,reviewed,pr,pr
2018-09-11T11:35:28.852Z,68.7991,-148.2843,0,3,ml,,,,0.63,ak,ak20251425,2018-09-11T17:01:24.787Z,"135km NW of Arctic Village, Alaska",earthquake,,0.5,,,automatic,ak,ak
2018-09-11T11:28:27.310Z,38.8186667,-122.8416667,2.66,1.64,md,38,47,0.006828,0.05,nc,nc73083200,2018-09-12T01:38:02.464Z,"9km WNW of The Geysers, CA",earthquake,0.18,0.33,0.239,11,reviewed,nc,nc
2018-09-11T11:23:55.140Z,33.0276667,-117.3785,12.53,0.98,ml,35,205,0.1775,0.13,ci,ci38056471,2018-09-11T17:19:17.692Z,"8km W of Encinitas, CA",earthquake,0.32,0.63,0.115,13,reviewed,ci,ci
2018-09-11T11:10:10.370Z,33.4981667,-116.7963333,2.51,0.21,ml,21,64,0.01456,0.1,ci,ci38056463,2018-09-11T15:44:43.140Z,"9km NE of Aguanga, CA",earthquake,0.14,0.12,0.116,5,reviewed,ci,ci
2018-09-11T11:01:49.190Z,37.9146667,-121.651,5.45,1.42,md,10,73,0.02318,0.07,nc,nc73083195,2018-09-11T21:04:04.245Z,"4km W of Discovery Bay, CA",earthquake,0.36,0.33,0.23,9,reviewed,nc,nc
2018-09-11T10:54:46.500Z,33.5003333,-116.7961667,3.14,0.3,ml,15,70,0.0125,0.17,ci,ci38056455,2018-09-11T13:29:30.201Z,"9km NE of Aguanga, CA",earthquake,0.35,0.75,0.099,5,reviewed,ci,ci
2018-09-11T10:54:17.338Z,62.976,-150.5463,100.4,1.1,ml,,,,0.33,ak,ak20251403,2018-09-11T17:01:24.514Z,"76km NNW of Talkeetna, Alaska",earthquake,,1.4,,,automatic,ak,ak
2018-09-11T10:45:16.621Z,59.9687,-139.6634,0,1.3,ml,,,,0.58,ak,ak20251398,2018-09-11T17:01:24.242Z,"47km N of Yakutat, Alaska",earthquake,,0.5,,,automatic,ak,ak
2018-09-11T10:42:58.940Z,33.2558333,-116.7665,8.53,0.76,ml,37,32,0.02084,0.14,ci,ci38056447,2018-09-11T16:26:14.220Z,"2km NNW of Lake Henshaw, CA",earthquake,0.15,0.53,0.13,21,reviewed,ci,ci
2018-09-11T10:39:33.060Z,41.6231667,-112.3976667,4.1,1.55,ml,19,85,0.1171,0.18,uu,uu60296237,2018-09-11T14:48:48.960Z,"21km WSW of Tremonton, Utah",earthquake,0.44,2.35,0.383,5,reviewed,uu,uu
2018-09-11T10:39:20.880Z,33.5005,-116.7988333,2.86,1.2,ml,52,31,0.01191,0.19,ci,ci38056439,2018-09-11T13:30:35.900Z,"9km NE of Aguanga, CA",earthquake,0.18,0.55,0.128,26,reviewed,ci,ci
2018-09-11T10:35:47.200Z,33.5015,-116.7938333,1.95,0.32,ml,14,68,0.01213,0.2,ci,ci38056431,2018-09-11T13:30:03.984Z,"9km NE of Aguanga, CA",earthquake,0.41,0.54,0.18,7,reviewed,ci,ci
2018-09-11T10:33:22.938Z,62.9847,-150.639,97.4,1,ml,,,,0.51,ak,ak20251395,2018-09-11T17:01:23.988Z,"78km NNW of Talkeetna, Alaska",earthquake,,1.3,,,automatic,ak,ak
2018-09-11T10:21:40.410Z,38.8135,-122.8215,2.55,1.27,md,36,48,0.007575,0.04,nc,nc73083190,2018-09-12T00:55:03.230Z,"7km NW of The Geysers, CA",earthquake,0.14,0.25,0.118,8,reviewed,nc,nc
2018-09-11T10:21:25.610Z,33.2555,-116.8266667,13.81,0.7,ml,34,29,0.06014,0.15,ci,ci38056423,2018-09-11T16:30:40.364Z,"6km WNW of Lake Henshaw, CA",earthquake,0.19,0.49,0.115,14,reviewed,ci,ci
2018-09-11T10:07:33.850Z,42.7769,142.0744,35,4.4,mb,,80,1.105,0.83,us,us2000hcj9,2018-09-11T18:10:12.533Z,"34km E of Chitose, Japan",earthquake,6,2,0.057,90,reviewed,us,us
2018-09-11T09:56:16.499Z,69.2211,-146.6469,0,2.3,ml,,,,0.7,ak,ak20251351,2018-09-11T17:01:23.482Z,"130km NNW of Arctic Village, Alaska",earthquake,,0.7,,,automatic,ak,ak
2018-09-11T09:54:15.998Z,68.7736,-148.0922,0,1.7,ml,,,,0.85,ak,ak20251348,2018-09-11T17:01:23.741Z,"127km NW of Arctic Village, Alaska",earthquake,,0.3,,,automatic,ak,ak
2018-09-11T09:50:15.040Z,33.502,-116.7896667,4.49,0.35,ml,14,68,0.01366,0.11,ci,ci38056415,2018-09-11T13:33:36.919Z,"10km NE of Aguanga, CA",earthquake,0.24,0.45,0.154,5,reviewed,ci,ci
2018-09-11T09:42:37.867Z,68.7633,-148.0892,0,1.6,ml,,,,0.77,ak,ak20251332,2018-09-11T17:01:23.216Z,"126km NW of Arctic Village, Alaska",earthquake,,0.3,,,automatic,ak,ak
2018-09-11T09:42:37.528Z,61.283,-148.9598,106.4,2,ml,,,,0.85,ak,ak20251331,2018-09-11T17:01:22.948Z,"29km S of Butte, Alaska",earthquake,,1.8,,,automatic,ak,ak
2018-09-11T09:36:39.900Z,60.9204,-143.5245,21.6,1.7,ml,,,,0.91,ak,ak20251317,2018-09-11T17:01:22.660Z,"82km SE of Chitina, Alaska",earthquake,,1.7,,,automatic,ak,ak
2018-09-11T09:31:50.690Z,18.4383,-65.9188,8,1.49,md,3,326,0.3044,0.16,pr,pr2018254009,2018-09-11T12:21:07.992Z,"4km N of Santa Barbara, Puerto Rico",earthquake,1.42,15.87,0.29,3,reviewed,pr,pr
2018-09-11T09:31:48.313Z,60.0863,-140.6938,8.6,1.2,ml,,,,1.06,ak,ak20251306,2018-09-11T17:01:22.395Z,"80km NW of Yakutat, Alaska",earthquake,,0.3,,,automatic,ak,ak
2018-09-11T09:30:19.358Z,61.7538,-147.8756,145.2,2.8,ml,,,,1.05,ak,ak20251305,2018-09-11T17:01:22.129Z,"51km E of Sutton-Alpine, Alaska",earthquake,,1.9,,,automatic,ak,ak
2018-09-11T09:27:51.460Z,18.0123,-67.2708,30,2.2,md,3,306,0.1613,0.13,pr,pr2018254008,2018-09-11T12:20:50.520Z,"9km WNW of Pole Ojea, Puerto Rico",earthquake,1.31,1.75,0.14,3,reviewed,pr,pr
2018-09-11T09:27:11.190Z,33.4921667,-116.7815,3.91,0.23,ml,15,80,0.02558,0.15,ci,ci38056407,2018-09-11T13:33:53.836Z,"10km NE of Aguanga, CA",earthquake,0.28,0.74,0.153,4,reviewed,ci,ci
2018-09-11T09:26:46.760Z,33.4876667,-116.7795,5.65,0.3,ml,14,82,0.03018,0.12,ci,ci38056399,2018-09-11T13:33:55.931Z,"9km ENE of Aguanga, CA",earthquake,0.27,0.86,0.034,4,reviewed,ci,ci
2018-09-11T09:25:49.060Z,-17.7948,179.9525,624.03,4.5,mb,,119,1.81,1.03,us,us2000hciw,2018-09-11T09:47:29.040Z,"164km ENE of Suva, Fiji",earthquake,12.5,7.7,0.031,304,reviewed,us,us
2018-09-11T09:12:20.830Z,33.5061667,-116.7953333,2.76,0.5,ml,25,46,0.007473,0.11,ci,ci38056391,2018-09-11T16:52:28.380Z,"10km NE of Aguanga, CA",earthquake,0.17,0.22,0.107,11,reviewed,ci,ci
2018-09-11T09:01:49.820Z,18.2121,-67.9646,98,2.83,md,20,194,0.5146,0.33,pr,pr2018254005,2018-09-11T09:57:08.281Z,"61km SE of Punta Cana, Dominican Republic",earthquake,2.78,1.43,0.36,20,reviewed,pr,pr
2018-09-11T08:59:21.546Z,69.5039,-143.7841,0,1.8,ml,,,,0.68,ak,ak20251286,2018-09-11T17:01:21.869Z,"70km S of Kaktovik, Alaska",earthquake,,0.8,,,automatic,ak,ak
2018-09-11T08:56:46.212Z,60.4721,-141.3933,11.8,1.3,ml,,,,0.73,ak,ak20251281,2018-09-11T17:01:21.611Z,"73km NE of Cape Yakataga, Alaska",earthquake,,0.2,,,automatic,ak,ak
2018-09-11T08:49:47.919Z,60.5556,-150.8397,44.2,1.4,ml,,,,0.47,ak,ak20251274,2018-09-11T17:53:08.107Z,"4km WNW of Sterling, Alaska",earthquake,,2.5,,,reviewed,ak,ak
2018-09-11T08:48:50.812Z,69.478,-144.2212,3,1.7,ml,,,,1,ak,ak20251272,2018-09-11T17:51:26.889Z,"76km SSW of Kaktovik, Alaska",earthquake,,0.3,,,reviewed,ak,ak
2018-09-11T08:48:25.470Z,34.5611667,-116.2461667,2.37,1.16,ml,14,116,0.1444,0.16,ci,ci38056383,2018-09-11T13:34:27.116Z,"20km SSW of Ludlow, CA",earthquake,0.44,0.91,0.094,17,reviewed,ci,ci
2018-09-11T08:43:49.850Z,35.9693333,-120.5315,6.5,1.08,md,20,83,0.02034,0.05,nc,nc73083185,2018-09-11T17:48:39.662Z,"12km NW of Parkfield, CA",earthquake,0.28,0.55,0.266,6,reviewed,nc,nc
2018-09-11T08:35:27.801Z,62.0699,-145.2086,23.5,1.3,ml,,,,0.55,ak,ak20251261,2018-09-11T17:01:20.832Z,"18km ESE of Glennallen, Alaska",earthquake,,0.2,,,automatic,ak,ak
2018-09-11T08:31:44.345Z,38.717,-119.2394,6.3,0.3,ml,9,111.67,0.264,0.1212,nn,nn00656147,2018-09-12T02:06:16.755Z,"11km SE of Smith Valley, Nevada",earthquake,,3.2,0.03,2,reviewed,nn,nn
2018-09-11T08:20:12.608Z,59.7311,-151.9627,62,1.2,ml,,,,0.33,ak,ak20251246,2018-09-11T17:01:20.313Z,"8km SW of Anchor Point, Alaska",earthquake,,0.5,,,automatic,ak,ak
2018-09-11T08:19:41.158Z,61.0487,-149.6157,36.2,2,ml,,,,0.46,ak,ak20251245,2018-09-11T17:01:20.573Z,"24km SE of Anchorage, Alaska",earthquake,,0.5,,,automatic,ak,ak
2018-09-11T08:18:12.040Z,-18.2643,-178.0349,550.44,4.2,mb,,138,3.758,0.57,us,us2000hcig,2018-09-11T09:13:50.040Z,"273km NNE of Ndoi Island, Fiji",earthquake,19.1,9.2,0.077,47,reviewed,us,us
2018-09-11T08:18:07.810Z,40.457,-121.5288333,3.58,0.05,md,7,107,0.01094,0.06,nc,nc73083395,2018-09-11T20:36:35.067Z,"12km NNE of Mineral, CA",earthquake,0.55,0.37,0.08,4,reviewed,nc,nc
2018-09-11T08:17:34.640Z,38.7825,-122.7318333,1.66,1.87,md,36,50,0.003893,0.07,nc,nc73083175,2018-09-11T19:07:02.574Z,"2km ENE of The Geysers, CA",earthquake,0.17,0.29,0.195,12,reviewed,nc,nc
2018-09-11T08:16:11.400Z,32.986,-117.7673333,14.58,1.37,ml,34,156,0.4818,0.21,ci,ci38056375,2018-09-11T18:04:33.112Z,"43km WSW of Carlsbad, CA",earthquake,0.38,0.93,0.14,15,reviewed,ci,ci
2018-09-11T08:14:09.740Z,33.0326667,-116.4298333,9.37,0.42,ml,18,89,0.1404,0.17,ci,ci38056367,2018-09-11T18:39:25.800Z,"17km ESE of Julian, CA",earthquake,0.33,1.03,0.108,6,reviewed,ci,ci
2018-09-11T08:05:30.625Z,69.5425,-144.3365,0,2,ml,,,,0.69,ak,ak20251238,2018-09-11T17:01:20.066Z,"71km SSW of Kaktovik, Alaska",earthquake,,0.8,,,automatic,ak,ak
2018-09-11T08:03:14.590Z,37.5255,-118.8393333,5.08,0.59,md,13,235,0.06492,0.03,nc,nc73083170,2018-09-11T16:30:28.113Z,"15km WSW of Toms Place, CA",earthquake,0.42,1.09,0.149,10,reviewed,nc,nc
2018-09-11T07:59:32.008Z,68.7748,-148.2995,1.1,1.8,ml,,,,0.71,ak,ak20251230,2018-09-11T17:01:19.813Z,"134km NW of Arctic Village, Alaska",earthquake,,0.3,,,automatic,ak,ak
2018-09-11T07:57:04.950Z,40.4471667,-121.5245,2.84,0.62,md,7,112,0.01772,0.04,nc,nc73083165,2018-09-11T20:22:03.966Z,"11km NNE of Mineral, CA",earthquake,0.35,0.36,0.227,7,reviewed,nc,nc
2018-09-11T07:54:12.880Z,33.9881667,-117.1846667,15.6,0.55,ml,18,104,0.04187,0.13,ci,ci38056359,2018-09-11T13:36:46.741Z,"8km S of Redlands, CA",earthquake,0.31,0.61,0.129,12,reviewed,ci,ci
2018-09-11T07:39:05.830Z,18.0085,-65.9688,21,1.51,md,4,212,0.0543,0.18,pr,pr2018254006,2018-09-11T12:20:06.928Z,"3km W of Palo Seco, Puerto Rico",earthquake,2.58,1.06,0.57,4,reviewed,pr,pr
2018-09-11T07:36:21.410Z,33.4863333,-116.7901667,4.2,0.68,ml,32,57,0.02733,0.16,ci,ci38056351,2018-09-11T13:37:49.460Z,"8km NE of Aguanga, CA",earthquake,0.21,0.4,0.131,22,reviewed,ci,ci
2018-09-11T07:33:46.556Z,70.0016,-144.8983,1.5,2.2,ml,,,,0.88,ak,ak20251221,2018-09-11T10:26:40.391Z,"50km WSW of Kaktovik, Alaska",earthquake,,1,,,automatic,ak,ak
2018-09-11T07:24:03.869Z,69.5163,-143.781,0,1.6,ml,,,,0.49,ak,ak20251212,2018-09-11T17:01:19.290Z,"68km S of Kaktovik, Alaska",earthquake,,0.8,,,automatic,ak,ak
2018-09-11T07:22:04.524Z,60.5792,-149.346,7.6,2.6,ml,,,,0.92,ak,ak20251197,2018-09-11T17:51:45.855Z,"42km WSW of Whittier, Alaska",earthquake,,0.2,,,reviewed,ak,ak
2018-09-11T07:21:54.510Z,19.3343334,-155.1203308,2.95,1.97,md,44,143,0.04892,0.25,hv,hv70588017,2018-09-11T07:25:22.510Z,"16km SE of Volcano, Hawaii",earthquake,0.52,1.16,0.17,21,automatic,hv,hv
2018-09-11T07:21:46.931Z,37.1166,-117.3682,5.9,0,ml,3,329.84,0.3,0.1261,nn,nn00656146,2018-09-12T02:06:14.581Z,"58km WNW of Beatty, Nevada",earthquake,,10.1,0.07,2,reviewed,nn,nn
2018-09-11T07:17:35.953Z,69.675,-145.1433,31.3,2.3,ml,,,,1,ak,ak20251191,2018-09-11T17:01:19.015Z,"77km SW of Kaktovik, Alaska",earthquake,,0.3,,,automatic,ak,ak
2018-09-11T07:05:37.920Z,40.4553333,-121.5226667,4.91,0.11,md,7,107,0.00954,0.12,nc,nc73083390,2018-09-11T20:15:01.530Z,"12km NNE of Mineral, CA",earthquake,0.8,0.65,0.189,5,reviewed,nc,nc
2018-09-11T06:50:46.996Z,39.8619,-119.6333,12,0.2,ml,5,189.01,0.169,0.0881,nn,nn00656145,2018-09-12T02:06:13.288Z,"24km NNE of Spanish Springs, Nevada",earthquake,,4.6,0.55,3,reviewed,nn,nn
2018-09-11T06:50:40.899Z,60.9468,-139.0235,2,1.8,ml,,,,0.96,ak,ak20251185,2018-09-11T17:01:18.764Z,"85km WNW of Haines Junction, Canada",earthquake,,0.4,,,automatic,ak,ak
2018-09-11T06:50:30.010Z,36.372,-89.55,11.26,1.38,md,13,88,0.04082,0.08,nm,nm60213617,2018-09-11T15:35:54.490Z,"7km W of Tiptonville, Tennessee",earthquake,0.68,0.48,0.11,9,reviewed,nm,nm
2018-09-11T06:42:56.820Z,-0.7959,121.9571,27.72,4.7,mb,,72,0.85,0.69,us,us2000hcga,2018-09-11T07:00:44.040Z,"94km W of Luwuk, Indonesia",earthquake,6.4,2.6,0.13,18,reviewed,us,us
2018-09-11T06:42:40.560Z,18.652,-67.7326,151,3.27,md,4,340,0.8032,0.07,pr,pr2018254004,2018-09-11T09:19:21.730Z,"61km NW of Rincon, Puerto Rico",earthquake,5.56,1.94,0,3,reviewed,pr,pr
2018-09-11T06:40:15.180Z,19.253334,-155.3048401,43.97,1.95,md,42,154,0.04277,0.12,hv,hv70587987,2018-09-11T06:43:40.560Z,"19km ENE of Pahala, Hawaii",earthquake,0.73,1.03,0.01,9,automatic,hv,hv
2018-09-11T06:37:57.920Z,40.4518333,-121.522,4.39,0.22,md,7,108,0.01272,0.1,nc,nc73083375,2018-09-11T19:00:50.275Z,"11km NNE of Mineral, CA",earthquake,0.52,0.63,0.187,7,reviewed,nc,nc
2018-09-11T06:29:31.060Z,39.4199,-119.9154,10.7,0,ml,6,105.12,0.12,0.0532,nn,nn00656144,2018-09-12T02:06:11.812Z,"10km S of Mogul, Nevada",earthquake,,3.7,0.32,2,reviewed,nn,nn
2018-09-11T06:26:51.420Z,33.4926667,-116.7738333,6.38,0.37,ml,16,49,0.0787,0.16,ci,ci38056343,2018-09-11T13:37:35.531Z,"10km ENE of Aguanga, CA",earthquake,0.33,1.03,0.09,8,reviewed,ci,ci
